ID,Prediction
5,drilling
7,air_conditioner
8,jackhammer
9,dog_bark
13,engine_idling
14,dog_bark
16,air_conditioner
21,dog_bark
23,air_conditioner
25,siren
28,drilling
29,drilling
30,dog_bark
31,engine_idling
34,jackhammer
39,air_conditioner
41,dog_bark
51,dog_bark
53,jackhammer
55,engine_idling
58,engine_idling
62,siren
64,children_playing
69,street_music
70,street_music
73,jackhammer
75,engine_idling
85,air_conditioner
86,jackhammer
89,air_conditioner
94,air_conditioner
95,children_playing
96,jackhammer
98,engine_idling
102,engine_idling
106,air_conditioner
107,air_conditioner
108,siren
109,jackhammer
110,street_music
111,children_playing
112,street_music
115,street_music
122,jackhammer
124,jackhammer
126,dog_bark
127,air_conditioner
129,air_conditioner
133,jackhammer
141,children_playing
143,street_music
144,air_conditioner
145,air_conditioner
147,jackhammer
150,air_conditioner
151,jackhammer
154,siren
155,drilling
156,engine_idling
157,children_playing
158,jackhammer
161,gun_shot
166,air_conditioner
169,air_conditioner
173,jackhammer
177,siren
180,jackhammer
181,gun_shot
183,engine_idling
190,jackhammer
191,jackhammer
194,engine_idling
195,dog_bark
198,drilling
199,street_music
201,dog_bark
203,children_playing
204,jackhammer
205,dog_bark
206,air_conditioner
207,drilling
209,drilling
210,gun_shot
220,jackhammer
225,jackhammer
231,air_conditioner
234,siren
237,air_conditioner
238,jackhammer
240,dog_bark
241,drilling
243,street_music
244,jackhammer
254,car_horn
256,engine_idling
257,jackhammer
259,jackhammer
262,engine_idling
265,jackhammer
266,children_playing
267,jackhammer
273,drilling
274,dog_bark
279,jackhammer
281,drilling
283,air_conditioner
284,air_conditioner
287,jackhammer
289,engine_idling
290,dog_bark
291,siren
292,jackhammer
293,street_music
294,drilling
296,air_conditioner
297,dog_bark
298,air_conditioner
302,jackhammer
320,jackhammer
321,car_horn
325,engine_idling
340,street_music
341,dog_bark
344,air_conditioner
345,engine_idling
362,dog_bark
373,street_music
375,street_music
379,engine_idling
384,engine_idling
387,street_music
389,drilling
390,air_conditioner
393,engine_idling
398,street_music
399,street_music
403,jackhammer
404,dog_bark
405,street_music
409,dog_bark
415,jackhammer
416,siren
420,engine_idling
421,street_music
422,children_playing
424,children_playing
431,siren
432,engine_idling
433,drilling
434,air_conditioner
439,air_conditioner
441,air_conditioner
443,air_conditioner
448,air_conditioner
451,siren
458,street_music
460,drilling
463,jackhammer
465,jackhammer
466,children_playing
469,air_conditioner
476,dog_bark
478,air_conditioner
481,jackhammer
483,jackhammer
487,jackhammer
490,engine_idling
492,drilling
494,dog_bark
496,jackhammer
499,siren
502,air_conditioner
503,siren
504,air_conditioner
505,children_playing
508,air_conditioner
510,jackhammer
514,jackhammer
517,air_conditioner
518,air_conditioner
521,jackhammer
526,children_playing
529,air_conditioner
530,air_conditioner
531,engine_idling
535,dog_bark
536,jackhammer
539,drilling
541,engine_idling
545,jackhammer
546,car_horn
548,jackhammer
550,jackhammer
552,engine_idling
553,dog_bark
558,air_conditioner
563,engine_idling
574,siren
577,dog_bark
581,dog_bark
582,street_music
588,jackhammer
591,engine_idling
592,air_conditioner
595,dog_bark
596,gun_shot
601,jackhammer
602,street_music
608,jackhammer
609,street_music
616,siren
617,jackhammer
618,jackhammer
625,dog_bark
626,air_conditioner
627,jackhammer
628,engine_idling
632,children_playing
634,engine_idling
637,engine_idling
638,dog_bark
640,engine_idling
641,engine_idling
644,siren
647,jackhammer
649,dog_bark
650,siren
653,air_conditioner
667,engine_idling
668,jackhammer
672,air_conditioner
674,siren
675,jackhammer
678,street_music
680,jackhammer
681,street_music
682,siren
696,siren
700,jackhammer
701,jackhammer
706,dog_bark
707,jackhammer
708,drilling
711,drilling
715,jackhammer
718,jackhammer
723,engine_idling
725,dog_bark
731,engine_idling
736,dog_bark
741,drilling
743,engine_idling
745,dog_bark
747,street_music
756,drilling
759,drilling
762,air_conditioner
763,drilling
767,jackhammer
768,drilling
769,jackhammer
774,air_conditioner
775,street_music
777,jackhammer
779,street_music
781,dog_bark
782,jackhammer
786,dog_bark
788,gun_shot
789,jackhammer
793,jackhammer
795,air_conditioner
797,dog_bark
800,air_conditioner
805,jackhammer
806,air_conditioner
808,jackhammer
814,jackhammer
815,jackhammer
818,air_conditioner
822,drilling
823,air_conditioner
827,dog_bark
828,drilling
831,jackhammer
836,drilling
837,air_conditioner
842,air_conditioner
846,engine_idling
847,jackhammer
852,engine_idling
856,drilling
861,air_conditioner
862,engine_idling
866,street_music
873,jackhammer
877,jackhammer
879,engine_idling
880,jackhammer
888,engine_idling
890,drilling
895,dog_bark
897,street_music
902,drilling
903,engine_idling
908,air_conditioner
909,siren
910,jackhammer
917,jackhammer
918,siren
920,street_music
924,gun_shot
931,street_music
934,jackhammer
935,drilling
936,siren
939,engine_idling
940,air_conditioner
942,jackhammer
944,children_playing
947,street_music
949,air_conditioner
950,drilling
958,engine_idling
960,air_conditioner
961,air_conditioner
962,jackhammer
966,siren
967,air_conditioner
968,dog_bark
969,jackhammer
970,street_music
974,jackhammer
976,engine_idling
981,drilling
982,jackhammer
983,drilling
984,street_music
988,engine_idling
989,street_music
992,siren
993,jackhammer
994,siren
997,air_conditioner
998,siren
999,street_music
1002,drilling
1005,dog_bark
1009,air_conditioner
1010,dog_bark
1011,dog_bark
1012,drilling
1013,jackhammer
1016,jackhammer
1019,air_conditioner
1020,siren
1023,jackhammer
1031,engine_idling
1033,engine_idling
1035,siren
1037,jackhammer
1039,street_music
1041,jackhammer
1046,air_conditioner
1050,drilling
1053,jackhammer
1057,jackhammer
1060,jackhammer
1064,dog_bark
1065,air_conditioner
1067,drilling
1073,gun_shot
1075,jackhammer
1081,children_playing
1084,street_music
1086,jackhammer
1093,jackhammer
1094,air_conditioner
1095,drilling
1097,drilling
1099,drilling
1101,engine_idling
1102,jackhammer
1103,air_conditioner
1104,jackhammer
1107,drilling
1108,jackhammer
1109,air_conditioner
1110,drilling
1111,engine_idling
1114,drilling
1117,jackhammer
1121,jackhammer
1122,engine_idling
1123,jackhammer
1124,dog_bark
1125,air_conditioner
1127,air_conditioner
1128,jackhammer
1130,dog_bark
1132,jackhammer
1135,air_conditioner
1136,street_music
1138,jackhammer
1140,dog_bark
1141,dog_bark
1142,siren
1144,drilling
1146,street_music
1153,jackhammer
1154,dog_bark
1155,engine_idling
1159,dog_bark
1161,jackhammer
1163,street_music
1164,air_conditioner
1165,jackhammer
1166,street_music
1167,jackhammer
1169,children_playing
1170,air_conditioner
1171,jackhammer
1172,engine_idling
1173,drilling
1177,drilling
1178,children_playing
1179,drilling
1184,engine_idling
1185,siren
1190,siren
1192,siren
1193,jackhammer
1194,air_conditioner
1196,street_music
1197,siren
1198,street_music
1199,dog_bark
1201,engine_idling
1202,jackhammer
1204,siren
1207,drilling
1208,jackhammer
1211,jackhammer
1212,drilling
1213,air_conditioner
1215,engine_idling
1216,drilling
1221,air_conditioner
1222,jackhammer
1223,drilling
1225,street_music
1227,dog_bark
1229,children_playing
1233,dog_bark
1234,jackhammer
1238,air_conditioner
1239,air_conditioner
1247,siren
1249,air_conditioner
1250,drilling
1253,street_music
1254,dog_bark
1258,jackhammer
1260,jackhammer
1263,siren
1264,jackhammer
1266,jackhammer
1268,drilling
1274,jackhammer
1280,street_music
1281,jackhammer
1282,jackhammer
1283,drilling
1284,air_conditioner
1285,air_conditioner
1288,air_conditioner
1290,children_playing
1291,drilling
1293,jackhammer
1299,air_conditioner
1304,dog_bark
1307,air_conditioner
1309,jackhammer
1313,jackhammer
1315,engine_idling
1320,drilling
1324,siren
1325,engine_idling
1331,dog_bark
1333,engine_idling
1336,siren
1340,street_music
1342,siren
1343,jackhammer
1344,jackhammer
1348,dog_bark
1354,street_music
1359,jackhammer
1360,engine_idling
1362,dog_bark
1364,children_playing
1369,jackhammer
1372,air_conditioner
1373,engine_idling
1374,air_conditioner
1375,dog_bark
1376,engine_idling
1379,jackhammer
1382,jackhammer
1383,jackhammer
1387,drilling
1389,drilling
1391,air_conditioner
1392,drilling
1395,dog_bark
1397,air_conditioner
1401,engine_idling
1402,gun_shot
1403,siren
1406,dog_bark
1407,children_playing
1408,dog_bark
1410,children_playing
1411,drilling
1413,air_conditioner
1416,siren
1420,dog_bark
1421,jackhammer
1422,drilling
1424,dog_bark
1426,dog_bark
1427,air_conditioner
1429,drilling
1430,dog_bark
1433,dog_bark
1434,children_playing
1438,air_conditioner
1439,air_conditioner
1440,engine_idling
1441,jackhammer
1442,air_conditioner
1443,engine_idling
1445,siren
1451,engine_idling
1453,engine_idling
1455,jackhammer
1456,jackhammer
1457,engine_idling
1463,air_conditioner
1464,children_playing
1465,jackhammer
1466,dog_bark
1474,jackhammer
1476,dog_bark
1482,jackhammer
1484,engine_idling
1486,dog_bark
1487,air_conditioner
1490,street_music
1494,jackhammer
1495,jackhammer
1499,drilling
1504,air_conditioner
1505,drilling
1507,dog_bark
1509,jackhammer
1513,dog_bark
1514,dog_bark
1519,jackhammer
1522,jackhammer
1524,jackhammer
1526,jackhammer
1533,air_conditioner
1535,air_conditioner
1538,air_conditioner
1539,jackhammer
1541,dog_bark
1543,jackhammer
1544,drilling
1545,dog_bark
1553,jackhammer
1557,siren
1559,car_horn
1566,jackhammer
1568,street_music
1572,dog_bark
1575,air_conditioner
1576,drilling
1577,siren
1580,jackhammer
1582,air_conditioner
1583,jackhammer
1585,jackhammer
1587,street_music
1590,jackhammer
1592,jackhammer
1594,car_horn
1595,air_conditioner
1596,dog_bark
1600,jackhammer
1609,air_conditioner
1610,street_music
1611,dog_bark
1617,gun_shot
1619,dog_bark
1620,dog_bark
1622,street_music
1624,air_conditioner
1625,gun_shot
1627,jackhammer
1631,air_conditioner
1637,engine_idling
1638,drilling
1641,dog_bark
1642,engine_idling
1643,dog_bark
1644,engine_idling
1645,children_playing
1646,children_playing
1650,dog_bark
1654,siren
1655,dog_bark
1657,air_conditioner
1658,drilling
1659,engine_idling
1662,dog_bark
1665,air_conditioner
1668,car_horn
1670,air_conditioner
1671,dog_bark
1676,air_conditioner
1682,jackhammer
1683,dog_bark
1684,engine_idling
1685,children_playing
1691,street_music
1692,air_conditioner
1693,street_music
1694,siren
1696,dog_bark
1698,dog_bark
1700,siren
1707,air_conditioner
1710,drilling
1712,street_music
1717,engine_idling
1721,jackhammer
1723,air_conditioner
1726,dog_bark
1732,dog_bark
1733,air_conditioner
1735,jackhammer
1740,siren
1742,jackhammer
1743,street_music
1747,siren
1752,drilling
1753,jackhammer
1756,jackhammer
1757,air_conditioner
1758,air_conditioner
1759,jackhammer
1762,jackhammer
1764,jackhammer
1770,gun_shot
1772,dog_bark
1775,air_conditioner
1778,air_conditioner
1781,air_conditioner
1784,gun_shot
1785,drilling
1788,siren
1790,jackhammer
1793,siren
1797,street_music
1798,drilling
1799,jackhammer
1804,gun_shot
1810,dog_bark
1811,air_conditioner
1814,air_conditioner
1815,air_conditioner
1821,jackhammer
1823,jackhammer
1824,jackhammer
1833,jackhammer
1835,dog_bark
1838,air_conditioner
1844,air_conditioner
1845,jackhammer
1846,engine_idling
1851,jackhammer
1852,drilling
1855,air_conditioner
1857,air_conditioner
1859,air_conditioner
1860,siren
1861,siren
1862,air_conditioner
1865,engine_idling
1875,drilling
1878,street_music
1880,drilling
1882,street_music
1884,air_conditioner
1885,drilling
1887,drilling
1888,siren
1900,siren
1902,air_conditioner
1903,jackhammer
1905,street_music
1906,air_conditioner
1907,engine_idling
1909,air_conditioner
1911,jackhammer
1912,jackhammer
1915,drilling
1920,gun_shot
1926,jackhammer
1928,street_music
1930,drilling
1931,air_conditioner
1934,children_playing
1939,engine_idling
1942,drilling
1951,air_conditioner
1953,jackhammer
1954,street_music
1955,children_playing
1959,air_conditioner
1961,jackhammer
1962,air_conditioner
1964,dog_bark
1965,air_conditioner
1969,drilling
1972,street_music
1975,street_music
1979,jackhammer
1981,siren
1983,air_conditioner
1984,siren
1985,drilling
1989,jackhammer
1990,dog_bark
1993,air_conditioner
1995,jackhammer
1998,children_playing
2003,drilling
2005,siren
2006,engine_idling
2007,dog_bark
2011,engine_idling
2012,drilling
2014,siren
2015,air_conditioner
2021,jackhammer
2024,engine_idling
2027,air_conditioner
2030,street_music
2032,street_music
2034,drilling
2035,street_music
2039,children_playing
2041,children_playing
2044,air_conditioner
2046,drilling
2052,drilling
2053,siren
2058,gun_shot
2059,street_music
2060,drilling
2061,jackhammer
2062,gun_shot
2065,engine_idling
2068,jackhammer
2069,street_music
2071,air_conditioner
2074,air_conditioner
2075,air_conditioner
2076,air_conditioner
2079,jackhammer
2085,jackhammer
2086,air_conditioner
2088,drilling
2092,children_playing
2093,air_conditioner
2097,siren
2100,children_playing
2109,jackhammer
2110,air_conditioner
2111,air_conditioner
2112,air_conditioner
2114,drilling
2115,jackhammer
2118,jackhammer
2119,dog_bark
2120,jackhammer
2128,jackhammer
2131,drilling
2136,jackhammer
2137,engine_idling
2143,dog_bark
2146,children_playing
2147,air_conditioner
2151,jackhammer
2153,drilling
2155,drilling
2158,air_conditioner
2159,air_conditioner
2161,engine_idling
2164,dog_bark
2165,jackhammer
2166,jackhammer
2167,jackhammer
2172,siren
2175,air_conditioner
2176,jackhammer
2177,engine_idling
2178,jackhammer
2181,air_conditioner
2183,dog_bark
2187,jackhammer
2189,jackhammer
2202,children_playing
2203,jackhammer
2207,gun_shot
2208,drilling
2211,jackhammer
2213,jackhammer
2214,drilling
2215,jackhammer
2221,jackhammer
2222,siren
2223,jackhammer
2231,jackhammer
2232,air_conditioner
2234,jackhammer
2239,jackhammer
2242,jackhammer
2243,air_conditioner
2245,dog_bark
2248,siren
2255,air_conditioner
2257,engine_idling
2261,dog_bark
2263,engine_idling
2266,street_music
2267,dog_bark
2268,air_conditioner
2270,dog_bark
2271,children_playing
2272,air_conditioner
2274,street_music
2276,engine_idling
2280,street_music
2281,car_horn
2283,siren
2284,air_conditioner
2285,air_conditioner
2286,siren
2288,dog_bark
2289,dog_bark
2292,siren
2294,engine_idling
2296,engine_idling
2298,jackhammer
2305,jackhammer
2311,drilling
2315,dog_bark
2316,dog_bark
2317,dog_bark
2320,jackhammer
2321,air_conditioner
2322,street_music
2325,street_music
2326,jackhammer
2328,jackhammer
2331,street_music
2334,air_conditioner
2336,jackhammer
2337,dog_bark
2341,jackhammer
2342,jackhammer
2346,siren
2348,gun_shot
2350,children_playing
2352,jackhammer
2355,street_music
2356,air_conditioner
2357,street_music
2359,air_conditioner
2361,engine_idling
2362,drilling
2365,dog_bark
2367,siren
2370,air_conditioner
2374,dog_bark
2375,drilling
2376,jackhammer
2377,engine_idling
2381,drilling
2383,street_music
2385,jackhammer
2387,air_conditioner
2391,air_conditioner
2392,dog_bark
2393,jackhammer
2396,drilling
2397,drilling
2399,jackhammer
2400,gun_shot
2406,drilling
2407,drilling
2409,jackhammer
2417,dog_bark
2422,air_conditioner
2423,dog_bark
2426,dog_bark
2429,drilling
2431,jackhammer
2434,air_conditioner
2435,street_music
2436,dog_bark
2437,engine_idling
2440,air_conditioner
2442,children_playing
2451,gun_shot
2457,engine_idling
2459,engine_idling
2467,gun_shot
2469,air_conditioner
2471,drilling
2472,dog_bark
2475,engine_idling
2476,jackhammer
2481,jackhammer
2482,air_conditioner
2483,gun_shot
2486,drilling
2490,air_conditioner
2491,dog_bark
2492,street_music
2495,dog_bark
2496,drilling
2500,jackhammer
2502,dog_bark
2504,children_playing
2508,engine_idling
2514,air_conditioner
2518,dog_bark
2519,jackhammer
2520,air_conditioner
2521,jackhammer
2522,jackhammer
2525,jackhammer
2527,children_playing
2528,jackhammer
2530,street_music
2533,drilling
2535,jackhammer
2537,jackhammer
2540,jackhammer
2546,drilling
2551,siren
2554,gun_shot
2556,drilling
2559,dog_bark
2561,jackhammer
2562,jackhammer
2563,air_conditioner
2565,dog_bark
2566,engine_idling
2579,jackhammer
2583,street_music
2589,siren
2590,dog_bark
2591,jackhammer
2599,engine_idling
2602,drilling
2606,air_conditioner
2609,street_music
2611,jackhammer
2615,air_conditioner
2617,dog_bark
2618,jackhammer
2621,jackhammer
2622,children_playing
2626,drilling
2627,engine_idling
2628,jackhammer
2629,gun_shot
2630,children_playing
2631,drilling
2633,jackhammer
2635,jackhammer
2638,air_conditioner
2642,siren
2643,street_music
2649,jackhammer
2654,jackhammer
2655,air_conditioner
2656,dog_bark
2660,air_conditioner
2663,air_conditioner
2667,air_conditioner
2670,drilling
2672,jackhammer
2673,air_conditioner
2675,jackhammer
2681,dog_bark
2683,jackhammer
2688,siren
2692,engine_idling
2693,siren
2694,jackhammer
2696,jackhammer
2698,siren
2701,street_music
2704,jackhammer
2708,children_playing
2712,jackhammer
2715,engine_idling
2716,jackhammer
2719,jackhammer
2720,dog_bark
2724,air_conditioner
2727,dog_bark
2729,jackhammer
2731,air_conditioner
2734,air_conditioner
2735,jackhammer
2737,engine_idling
2742,jackhammer
2743,dog_bark
2745,air_conditioner
2748,dog_bark
2749,gun_shot
2753,dog_bark
2755,air_conditioner
2758,jackhammer
2759,drilling
2761,dog_bark
2762,jackhammer
2767,jackhammer
2768,jackhammer
2772,engine_idling
2777,siren
2778,air_conditioner
2782,drilling
2786,air_conditioner
2793,air_conditioner
2796,drilling
2798,dog_bark
2799,engine_idling
2803,engine_idling
2804,dog_bark
2806,dog_bark
2809,air_conditioner
2810,jackhammer
2812,engine_idling
2814,engine_idling
2816,engine_idling
2817,street_music
2818,dog_bark
2820,street_music
2822,air_conditioner
2823,siren
2826,air_conditioner
2827,dog_bark
2833,engine_idling
2834,engine_idling
2838,drilling
2839,jackhammer
2841,jackhammer
2843,engine_idling
2844,air_conditioner
2845,siren
2847,engine_idling
2848,jackhammer
2852,drilling
2853,dog_bark
2856,jackhammer
2859,dog_bark
2860,drilling
2861,dog_bark
2866,siren
2867,drilling
2868,dog_bark
2874,street_music
2876,jackhammer
2877,jackhammer
2879,siren
2880,air_conditioner
2882,dog_bark
2883,engine_idling
2885,jackhammer
2886,engine_idling
2888,drilling
2893,engine_idling
2894,children_playing
2895,dog_bark
2897,air_conditioner
2904,jackhammer
2905,air_conditioner
2906,jackhammer
2908,jackhammer
2916,jackhammer
2919,dog_bark
2923,air_conditioner
2937,drilling
2938,jackhammer
2941,dog_bark
2947,drilling
2948,street_music
2949,street_music
2952,drilling
2953,jackhammer
2958,jackhammer
2964,drilling
2965,engine_idling
2967,jackhammer
2968,siren
2970,engine_idling
2973,children_playing
2975,siren
2977,jackhammer
2978,jackhammer
2979,air_conditioner
2981,air_conditioner
2985,siren
2990,jackhammer
2999,dog_bark
3000,dog_bark
3002,dog_bark
3005,street_music
3007,air_conditioner
3009,jackhammer
3010,dog_bark
3015,siren
3017,jackhammer
3019,siren
3022,jackhammer
3023,engine_idling
3025,street_music
3028,dog_bark
3029,dog_bark
3031,jackhammer
3035,air_conditioner
3039,drilling
3040,dog_bark
3041,jackhammer
3043,siren
3044,air_conditioner
3045,drilling
3047,siren
3048,jackhammer
3049,engine_idling
3053,jackhammer
3057,children_playing
3058,jackhammer
3059,children_playing
3064,jackhammer
3065,children_playing
3067,dog_bark
3072,street_music
3073,drilling
3076,jackhammer
3079,dog_bark
3080,air_conditioner
3083,jackhammer
3084,jackhammer
3086,children_playing
3088,air_conditioner
3090,dog_bark
3093,siren
3100,engine_idling
3106,dog_bark
3107,jackhammer
3109,engine_idling
3111,engine_idling
3113,air_conditioner
3114,dog_bark
3116,drilling
3119,drilling
3122,dog_bark
3124,drilling
3129,engine_idling
3132,children_playing
3134,street_music
3137,jackhammer
3139,children_playing
3141,street_music
3142,air_conditioner
3145,street_music
3149,jackhammer
3158,engine_idling
3166,dog_bark
3173,dog_bark
3174,gun_shot
3175,siren
3181,air_conditioner
3183,jackhammer
3184,siren
3193,air_conditioner
3198,dog_bark
3201,air_conditioner
3203,drilling
3204,dog_bark
3208,drilling
3210,dog_bark
3212,jackhammer
3217,street_music
3219,air_conditioner
3222,dog_bark
3224,air_conditioner
3228,air_conditioner
3234,children_playing
3241,air_conditioner
3242,street_music
3243,street_music
3245,siren
3247,air_conditioner
3249,dog_bark
3251,children_playing
3252,dog_bark
3253,jackhammer
3255,drilling
3256,jackhammer
3260,dog_bark
3263,engine_idling
3265,jackhammer
3269,air_conditioner
3274,drilling
3280,street_music
3282,jackhammer
3284,dog_bark
3287,jackhammer
3289,engine_idling
3290,jackhammer
3295,air_conditioner
3300,street_music
3303,jackhammer
3304,drilling
3309,children_playing
3311,children_playing
3312,air_conditioner
3313,jackhammer
3314,drilling
3315,jackhammer
3326,jackhammer
3327,dog_bark
3329,engine_idling
3335,engine_idling
3339,air_conditioner
3340,jackhammer
3341,street_music
3342,dog_bark
3346,siren
3348,drilling
3356,street_music
3359,engine_idling
3361,jackhammer
3366,air_conditioner
3368,jackhammer
3372,jackhammer
3374,jackhammer
3377,gun_shot
3378,children_playing
3380,air_conditioner
3382,street_music
3384,jackhammer
3385,jackhammer
3386,dog_bark
3391,jackhammer
3393,drilling
3396,jackhammer
3402,jackhammer
3403,drilling
3405,air_conditioner
3408,jackhammer
3410,air_conditioner
3411,air_conditioner
3412,air_conditioner
3414,air_conditioner
3421,air_conditioner
3424,siren
3426,drilling
3427,dog_bark
3428,air_conditioner
3430,siren
3431,jackhammer
3438,air_conditioner
3440,jackhammer
3447,jackhammer
3448,air_conditioner
3450,air_conditioner
3456,air_conditioner
3457,jackhammer
3460,drilling
3463,siren
3466,jackhammer
3468,engine_idling
3472,street_music
3476,children_playing
3479,jackhammer
3484,drilling
3485,air_conditioner
3487,street_music
3488,children_playing
3490,air_conditioner
3494,jackhammer
3497,siren
3498,drilling
3500,drilling
3502,jackhammer
3505,siren
3506,jackhammer
3511,air_conditioner
3512,drilling
3513,air_conditioner
3521,jackhammer
3524,siren
3527,air_conditioner
3530,air_conditioner
3532,dog_bark
3535,siren
3541,street_music
3544,jackhammer
3552,drilling
3553,engine_idling
3557,siren
3558,jackhammer
3559,jackhammer
3562,drilling
3563,engine_idling
3564,jackhammer
3565,air_conditioner
3570,street_music
3571,street_music
3572,siren
3573,jackhammer
3575,drilling
3576,jackhammer
3578,dog_bark
3581,children_playing
3586,jackhammer
3589,dog_bark
3592,engine_idling
3593,engine_idling
3594,street_music
3600,air_conditioner
3601,dog_bark
3602,dog_bark
3605,dog_bark
3612,air_conditioner
3615,engine_idling
3616,jackhammer
3617,siren
3618,jackhammer
3620,dog_bark
3623,children_playing
3625,dog_bark
3631,air_conditioner
3633,street_music
3635,dog_bark
3636,jackhammer
3638,air_conditioner
3641,jackhammer
3643,engine_idling
3650,jackhammer
3651,siren
3655,jackhammer
3665,jackhammer
3667,street_music
3673,jackhammer
3677,air_conditioner
3684,engine_idling
3690,dog_bark
3692,drilling
3693,dog_bark
3694,drilling
3699,engine_idling
3701,engine_idling
3704,jackhammer
3705,engine_idling
3707,air_conditioner
3710,air_conditioner
3712,jackhammer
3713,air_conditioner
3715,children_playing
3716,air_conditioner
3720,dog_bark
3722,drilling
3723,engine_idling
3727,drilling
3730,dog_bark
3733,air_conditioner
3736,dog_bark
3737,engine_idling
3740,children_playing
3743,air_conditioner
3744,dog_bark
3746,engine_idling
3748,air_conditioner
3755,drilling
3757,siren
3761,dog_bark
3767,jackhammer
3768,siren
3769,air_conditioner
3773,car_horn
3774,dog_bark
3775,engine_idling
3777,jackhammer
3779,siren
3780,air_conditioner
3786,dog_bark
3789,engine_idling
3793,jackhammer
3794,jackhammer
3795,car_horn
3796,jackhammer
3797,jackhammer
3801,air_conditioner
3802,gun_shot
3804,air_conditioner
3807,air_conditioner
3809,street_music
3810,children_playing
3812,air_conditioner
3814,siren
3815,drilling
3817,children_playing
3818,air_conditioner
3824,jackhammer
3825,air_conditioner
3826,siren
3829,air_conditioner
3831,drilling
3832,jackhammer
3835,jackhammer
3837,jackhammer
3841,siren
3845,drilling
3849,jackhammer
3852,siren
3856,air_conditioner
3857,children_playing
3858,engine_idling
3862,drilling
3865,jackhammer
3867,dog_bark
3872,children_playing
3873,jackhammer
3874,engine_idling
3875,dog_bark
3876,drilling
3892,air_conditioner
3897,drilling
3899,air_conditioner
3901,engine_idling
3904,air_conditioner
3907,siren
3908,street_music
3912,air_conditioner
3913,jackhammer
3917,engine_idling
3922,engine_idling
3923,dog_bark
3926,street_music
3928,jackhammer
3931,jackhammer
3935,dog_bark
3937,jackhammer
3942,air_conditioner
3946,dog_bark
3949,drilling
3950,jackhammer
3952,engine_idling
3953,air_conditioner
3954,drilling
3957,jackhammer
3958,jackhammer
3961,air_conditioner
3963,engine_idling
3964,dog_bark
3971,jackhammer
3974,jackhammer
3976,drilling
3977,jackhammer
3979,drilling
3980,dog_bark
3989,dog_bark
3990,jackhammer
3991,engine_idling
3995,air_conditioner
3996,jackhammer
4005,air_conditioner
4007,jackhammer
4008,dog_bark
4013,jackhammer
4016,jackhammer
4019,street_music
4020,engine_idling
4023,air_conditioner
4025,engine_idling
4026,jackhammer
4031,jackhammer
4033,dog_bark
4034,street_music
4035,engine_idling
4036,engine_idling
4037,dog_bark
4040,dog_bark
4042,air_conditioner
4043,jackhammer
4047,air_conditioner
4048,drilling
4051,engine_idling
4052,engine_idling
4053,jackhammer
4059,street_music
4060,jackhammer
4061,drilling
4063,siren
4065,siren
4071,air_conditioner
4072,drilling
4074,air_conditioner
4079,dog_bark
4082,drilling
4088,air_conditioner
4090,jackhammer
4092,engine_idling
4098,jackhammer
4099,children_playing
4105,dog_bark
4107,jackhammer
4108,air_conditioner
4109,jackhammer
4112,engine_idling
4113,street_music
4114,dog_bark
4115,engine_idling
4116,air_conditioner
4120,air_conditioner
4124,jackhammer
4127,children_playing
4132,children_playing
4133,jackhammer
4136,engine_idling
4141,engine_idling
4144,dog_bark
4145,jackhammer
4147,siren
4148,jackhammer
4149,jackhammer
4150,dog_bark
4151,jackhammer
4152,air_conditioner
4153,drilling
4154,siren
4156,dog_bark
4157,dog_bark
4165,drilling
4167,gun_shot
4173,engine_idling
4176,engine_idling
4177,air_conditioner
4185,engine_idling
4186,dog_bark
4187,air_conditioner
4188,drilling
4192,drilling
4194,dog_bark
4195,drilling
4196,air_conditioner
4202,dog_bark
4208,siren
4209,engine_idling
4211,jackhammer
4212,jackhammer
4213,drilling
4214,dog_bark
4215,dog_bark
4219,children_playing
4221,engine_idling
4223,street_music
4225,dog_bark
4229,children_playing
4230,air_conditioner
4233,drilling
4237,jackhammer
4238,air_conditioner
4240,dog_bark
4243,jackhammer
4245,engine_idling
4250,air_conditioner
4251,jackhammer
4258,engine_idling
4259,air_conditioner
4261,dog_bark
4264,siren
4266,gun_shot
4268,gun_shot
4269,engine_idling
4270,engine_idling
4271,jackhammer
4275,jackhammer
4276,air_conditioner
4280,drilling
4282,air_conditioner
4283,jackhammer
4284,gun_shot
4292,air_conditioner
4294,dog_bark
4295,air_conditioner
4296,drilling
4298,street_music
4300,jackhammer
4302,air_conditioner
4304,air_conditioner
4305,engine_idling
4306,engine_idling
4308,dog_bark
4309,siren
4310,engine_idling
4312,dog_bark
4315,air_conditioner
4318,engine_idling
4321,engine_idling
4322,siren
4325,engine_idling
4329,air_conditioner
4330,air_conditioner
4332,gun_shot
4334,air_conditioner
4336,street_music
4339,drilling
4340,drilling
4342,street_music
4343,street_music
4344,jackhammer
4345,air_conditioner
4347,air_conditioner
4348,jackhammer
4354,jackhammer
4355,dog_bark
4357,dog_bark
4360,drilling
4368,gun_shot
4370,jackhammer
4373,engine_idling
4376,dog_bark
4377,engine_idling
4380,air_conditioner
4383,air_conditioner
4385,air_conditioner
4387,dog_bark
4388,engine_idling
4391,jackhammer
4395,engine_idling
4398,air_conditioner
4399,air_conditioner
4402,street_music
4403,street_music
4404,dog_bark
4405,air_conditioner
4407,jackhammer
4409,engine_idling
4410,engine_idling
4414,jackhammer
4419,jackhammer
4421,drilling
4423,engine_idling
4434,children_playing
4435,drilling
4441,air_conditioner
4445,siren
4447,jackhammer
4448,siren
4452,jackhammer
4455,children_playing
4457,siren
4460,siren
4465,jackhammer
4466,jackhammer
4468,dog_bark
4469,air_conditioner
4470,children_playing
4471,dog_bark
4477,children_playing
4478,engine_idling
4479,air_conditioner
4484,dog_bark
4488,street_music
4489,jackhammer
4494,jackhammer
4495,jackhammer
4496,engine_idling
4497,air_conditioner
4501,street_music
4505,jackhammer
4507,street_music
4508,gun_shot
4512,engine_idling
4516,air_conditioner
4517,dog_bark
4518,children_playing
4519,engine_idling
4520,jackhammer
4524,dog_bark
4533,dog_bark
4537,drilling
4538,drilling
4543,gun_shot
4544,children_playing
4546,engine_idling
4548,jackhammer
4550,jackhammer
4551,jackhammer
4552,jackhammer
4553,jackhammer
4555,jackhammer
4558,drilling
4560,jackhammer
4564,children_playing
4565,dog_bark
4567,jackhammer
4576,dog_bark
4577,street_music
4579,drilling
4580,air_conditioner
4582,street_music
4586,drilling
4587,jackhammer
4588,dog_bark
4590,jackhammer
4591,air_conditioner
4593,street_music
4594,children_playing
4596,dog_bark
4597,air_conditioner
4600,air_conditioner
4603,drilling
4605,air_conditioner
4606,jackhammer
4608,jackhammer
4615,air_conditioner
4620,jackhammer
4621,siren
4624,engine_idling
4626,dog_bark
4627,air_conditioner
4631,jackhammer
4638,drilling
4639,siren
4642,air_conditioner
4644,jackhammer
4649,jackhammer
4654,jackhammer
4656,drilling
4660,engine_idling
4664,siren
4670,jackhammer
4671,dog_bark
4673,air_conditioner
4675,drilling
4678,siren
4681,street_music
4687,siren
4689,siren
4691,dog_bark
4694,siren
4696,air_conditioner
4699,children_playing
4700,jackhammer
4701,dog_bark
4706,dog_bark
4709,dog_bark
4710,engine_idling
4711,gun_shot
4712,air_conditioner
4713,jackhammer
4717,jackhammer
4719,drilling
4720,jackhammer
4727,street_music
4731,jackhammer
4734,air_conditioner
4738,street_music
4744,dog_bark
4751,jackhammer
4757,dog_bark
4760,siren
4761,siren
4765,air_conditioner
4768,air_conditioner
4771,jackhammer
4772,air_conditioner
4773,siren
4774,air_conditioner
4777,jackhammer
4779,air_conditioner
4780,engine_idling
4782,siren
4797,air_conditioner
4798,air_conditioner
4802,jackhammer
4808,siren
4809,air_conditioner
4811,dog_bark
4812,children_playing
4813,jackhammer
4814,jackhammer
4815,drilling
4816,jackhammer
4817,street_music
4818,dog_bark
4819,engine_idling
4825,drilling
4831,dog_bark
4838,street_music
4841,children_playing
4845,air_conditioner
4848,jackhammer
4849,street_music
4850,jackhammer
4855,children_playing
4856,drilling
4859,air_conditioner
4862,drilling
4865,children_playing
4868,gun_shot
4869,dog_bark
4871,air_conditioner
4872,drilling
4874,street_music
4875,jackhammer
4876,drilling
4878,gun_shot
4882,dog_bark
4885,jackhammer
4891,children_playing
4892,air_conditioner
4893,air_conditioner
4897,jackhammer
4898,air_conditioner
4901,dog_bark
4908,children_playing
4910,air_conditioner
4915,drilling
4922,children_playing
4929,drilling
4930,gun_shot
4932,children_playing
4933,jackhammer
4935,engine_idling
4936,street_music
4939,drilling
4941,air_conditioner
4944,air_conditioner
4946,jackhammer
4949,air_conditioner
4951,children_playing
4954,children_playing
4955,jackhammer
4957,air_conditioner
4958,dog_bark
4967,jackhammer
4969,jackhammer
4971,engine_idling
4975,jackhammer
4977,drilling
4978,drilling
4979,air_conditioner
4980,jackhammer
4981,air_conditioner
4982,siren
4983,air_conditioner
4987,air_conditioner
4995,jackhammer
4998,jackhammer
4999,dog_bark
5000,siren
5006,street_music
5007,dog_bark
5008,siren
5009,air_conditioner
5012,siren
5014,air_conditioner
5015,street_music
5016,jackhammer
5018,dog_bark
5020,jackhammer
5024,jackhammer
5026,jackhammer
5027,jackhammer
5030,engine_idling
5036,jackhammer
5039,jackhammer
5041,dog_bark
5047,air_conditioner
5048,engine_idling
5050,engine_idling
5053,engine_idling
5054,jackhammer
5056,engine_idling
5061,air_conditioner
5062,jackhammer
5066,siren
5070,children_playing
5078,air_conditioner
5079,drilling
5080,drilling
5083,engine_idling
5086,drilling
5087,air_conditioner
5090,jackhammer
5091,siren
5093,children_playing
5097,air_conditioner
5098,engine_idling
5101,air_conditioner
5102,jackhammer
5104,jackhammer
5105,street_music
5108,jackhammer
5111,air_conditioner
5113,engine_idling
5115,jackhammer
5116,air_conditioner
5120,dog_bark
5123,jackhammer
5124,children_playing
5126,dog_bark
5131,jackhammer
5136,gun_shot
5137,drilling
5139,air_conditioner
5143,jackhammer
5144,jackhammer
5145,street_music
5150,jackhammer
5152,gun_shot
5153,jackhammer
5155,drilling
5156,engine_idling
5160,jackhammer
5161,engine_idling
5162,jackhammer
5163,children_playing
5164,jackhammer
5166,dog_bark
5167,engine_idling
5168,air_conditioner
5170,jackhammer
5179,dog_bark
5182,dog_bark
5184,dog_bark
5185,jackhammer
5187,gun_shot
5192,air_conditioner
5193,children_playing
5194,jackhammer
5197,drilling
5203,drilling
5204,dog_bark
5207,air_conditioner
5208,jackhammer
5212,jackhammer
5213,drilling
5215,jackhammer
5220,air_conditioner
5222,street_music
5224,air_conditioner
5229,gun_shot
5230,siren
5231,children_playing
5232,engine_idling
5235,dog_bark
5238,jackhammer
5240,air_conditioner
5242,drilling
5245,children_playing
5249,jackhammer
5250,dog_bark
5252,children_playing
5254,jackhammer
5256,dog_bark
5258,dog_bark
5260,street_music
5261,jackhammer
5267,dog_bark
5269,jackhammer
5273,siren
5274,engine_idling
5275,street_music
5276,drilling
5280,siren
5282,drilling
5285,dog_bark
5286,drilling
5287,dog_bark
5288,air_conditioner
5293,jackhammer
5295,children_playing
5296,dog_bark
5298,air_conditioner
5300,children_playing
5301,dog_bark
5303,air_conditioner
5305,jackhammer
5306,engine_idling
5311,jackhammer
5317,dog_bark
5318,air_conditioner
5325,jackhammer
5327,engine_idling
5330,street_music
5332,jackhammer
5334,drilling
5335,children_playing
5337,street_music
5339,air_conditioner
5341,siren
5342,air_conditioner
5346,air_conditioner
5349,air_conditioner
5354,air_conditioner
5355,air_conditioner
5358,jackhammer
5362,siren
5363,street_music
5365,siren
5366,dog_bark
5367,drilling
5368,jackhammer
5372,air_conditioner
5375,engine_idling
5377,children_playing
5379,siren
5381,jackhammer
5383,street_music
5386,air_conditioner
5387,drilling
5388,dog_bark
5392,dog_bark
5393,jackhammer
5396,jackhammer
5399,jackhammer
5401,dog_bark
5402,street_music
5404,air_conditioner
5408,jackhammer
5410,dog_bark
5413,engine_idling
5419,jackhammer
5420,jackhammer
5421,siren
5422,jackhammer
5424,gun_shot
5425,air_conditioner
5428,jackhammer
5430,engine_idling
5431,car_horn
5434,air_conditioner
5439,engine_idling
5440,air_conditioner
5442,engine_idling
5443,jackhammer
5446,street_music
5449,jackhammer
5450,jackhammer
5451,jackhammer
5453,air_conditioner
5454,drilling
5455,drilling
5457,jackhammer
5458,jackhammer
5462,dog_bark
5463,dog_bark
5464,air_conditioner
5467,drilling
5468,jackhammer
5469,engine_idling
5470,jackhammer
5471,dog_bark
5474,gun_shot
5475,street_music
5478,dog_bark
5479,dog_bark
5482,jackhammer
5484,engine_idling
5485,air_conditioner
5490,air_conditioner
5491,gun_shot
5496,engine_idling
5500,drilling
5501,engine_idling
5502,air_conditioner
5506,drilling
5510,engine_idling
5516,siren
5517,dog_bark
5520,air_conditioner
5525,dog_bark
5527,gun_shot
5529,jackhammer
5531,engine_idling
5532,air_conditioner
5536,air_conditioner
5538,jackhammer
5539,drilling
5541,gun_shot
5549,jackhammer
5550,engine_idling
5551,siren
5552,dog_bark
5555,air_conditioner
5563,drilling
5567,street_music
5568,air_conditioner
5569,dog_bark
5573,jackhammer
5575,jackhammer
5576,siren
5578,dog_bark
5579,gun_shot
5580,street_music
5581,air_conditioner
5584,dog_bark
5590,dog_bark
5591,jackhammer
5593,air_conditioner
5595,air_conditioner
5596,street_music
5602,dog_bark
5603,dog_bark
5604,drilling
5606,jackhammer
5608,air_conditioner
5617,gun_shot
5618,dog_bark
5620,siren
5621,jackhammer
5622,engine_idling
5629,drilling
5630,children_playing
5632,jackhammer
5633,air_conditioner
5636,air_conditioner
5643,street_music
5646,air_conditioner
5647,drilling
5648,siren
5651,children_playing
5656,jackhammer
5657,drilling
5665,engine_idling
5666,air_conditioner
5667,children_playing
5674,jackhammer
5675,gun_shot
5677,drilling
5679,street_music
5685,jackhammer
5686,engine_idling
5688,jackhammer
5693,jackhammer
5694,children_playing
5696,street_music
5700,air_conditioner
5703,air_conditioner
5708,gun_shot
5717,siren
5718,drilling
5720,gun_shot
5727,jackhammer
5728,air_conditioner
5729,dog_bark
5737,street_music
5738,siren
5743,jackhammer
5747,dog_bark
5748,dog_bark
5749,children_playing
5752,jackhammer
5753,street_music
5754,jackhammer
5756,street_music
5759,street_music
5766,air_conditioner
5775,dog_bark
5776,jackhammer
5777,drilling
5779,siren
5781,dog_bark
5782,jackhammer
5785,air_conditioner
5787,engine_idling
5789,engine_idling
5792,air_conditioner
5793,jackhammer
5794,air_conditioner
5795,street_music
5797,air_conditioner
5798,air_conditioner
5801,engine_idling
5803,jackhammer
5804,children_playing
5805,dog_bark
5807,dog_bark
5809,engine_idling
5810,air_conditioner
5811,children_playing
5812,dog_bark
5814,air_conditioner
5819,siren
5821,air_conditioner
5823,drilling
5828,dog_bark
5830,air_conditioner
5831,siren
5834,siren
5836,engine_idling
5838,air_conditioner
5839,gun_shot
5843,siren
5845,engine_idling
5846,jackhammer
5849,drilling
5853,jackhammer
5855,jackhammer
5860,engine_idling
5861,jackhammer
5866,jackhammer
5868,street_music
5872,gun_shot
5873,street_music
5875,air_conditioner
5878,jackhammer
5880,jackhammer
5883,jackhammer
5884,engine_idling
5885,jackhammer
5894,jackhammer
5895,street_music
5896,engine_idling
5898,siren
5899,siren
5905,air_conditioner
5910,street_music
5911,jackhammer
5913,jackhammer
5916,jackhammer
5919,drilling
5920,jackhammer
5923,jackhammer
5924,gun_shot
5929,jackhammer
5930,jackhammer
5931,jackhammer
5935,engine_idling
5938,air_conditioner
5939,dog_bark
5945,air_conditioner
5946,children_playing
5955,jackhammer
5956,jackhammer
5958,jackhammer
5959,jackhammer
5961,street_music
5965,street_music
5967,jackhammer
5969,siren
5970,air_conditioner
5971,jackhammer
5972,air_conditioner
5973,air_conditioner
5974,jackhammer
5975,jackhammer
5978,street_music
5979,air_conditioner
5981,air_conditioner
5986,children_playing
5987,jackhammer
5991,children_playing
5993,engine_idling
5998,engine_idling
6000,jackhammer
6006,engine_idling
6008,drilling
6011,dog_bark
6018,jackhammer
6024,jackhammer
6028,air_conditioner
6032,air_conditioner
6036,drilling
6037,air_conditioner
6038,dog_bark
6039,drilling
6042,children_playing
6043,drilling
6044,street_music
6045,jackhammer
6048,siren
6052,dog_bark
6057,drilling
6058,children_playing
6060,jackhammer
6062,siren
6064,air_conditioner
6065,jackhammer
6067,dog_bark
6069,children_playing
6071,engine_idling
6073,air_conditioner
6075,air_conditioner
6076,engine_idling
6078,air_conditioner
6084,jackhammer
6090,drilling
6093,children_playing
6097,dog_bark
6102,siren
6105,jackhammer
6106,siren
6110,jackhammer
6111,car_horn
6112,jackhammer
6113,jackhammer
6114,street_music
6122,dog_bark
6124,engine_idling
6125,street_music
6126,jackhammer
6127,jackhammer
6128,air_conditioner
6135,engine_idling
6143,dog_bark
6146,jackhammer
6147,street_music
6148,air_conditioner
6150,dog_bark
6155,jackhammer
6157,drilling
6164,children_playing
6166,dog_bark
6167,drilling
6168,siren
6176,engine_idling
6178,gun_shot
6182,jackhammer
6184,air_conditioner
6185,drilling
6186,dog_bark
6190,siren
6192,dog_bark
6195,jackhammer
6199,dog_bark
6200,air_conditioner
6201,drilling
6202,drilling
6203,street_music
6207,engine_idling
6208,air_conditioner
6209,siren
6216,air_conditioner
6218,engine_idling
6221,jackhammer
6223,siren
6225,street_music
6226,jackhammer
6228,engine_idling
6231,siren
6233,air_conditioner
6236,air_conditioner
6237,air_conditioner
6238,jackhammer
6240,street_music
6242,jackhammer
6246,dog_bark
6250,gun_shot
6251,jackhammer
6252,children_playing
6253,air_conditioner
6254,drilling
6257,street_music
6261,air_conditioner
6264,jackhammer
6267,dog_bark
6269,jackhammer
6273,drilling
6275,air_conditioner
6276,drilling
6277,air_conditioner
6280,jackhammer
6281,jackhammer
6285,jackhammer
6289,drilling
6299,engine_idling
6301,street_music
6302,siren
6303,drilling
6306,dog_bark
6307,dog_bark
6312,jackhammer
6313,engine_idling
6315,jackhammer
6316,car_horn
6320,dog_bark
6325,dog_bark
6330,air_conditioner
6334,jackhammer
6342,dog_bark
6344,street_music
6349,jackhammer
6350,engine_idling
6352,car_horn
6353,jackhammer
6356,engine_idling
6360,dog_bark
6361,air_conditioner
6362,drilling
6363,air_conditioner
6365,siren
6368,jackhammer
6369,dog_bark
6373,air_conditioner
6383,air_conditioner
6384,engine_idling
6385,drilling
6386,jackhammer
6388,drilling
6390,jackhammer
6391,drilling
6396,gun_shot
6397,jackhammer
6398,jackhammer
6399,gun_shot
6400,air_conditioner
6401,jackhammer
6405,air_conditioner
6406,air_conditioner
6407,street_music
6410,drilling
6415,children_playing
6419,street_music
6421,engine_idling
6425,siren
6428,air_conditioner
6429,gun_shot
6430,engine_idling
6433,children_playing
6438,engine_idling
6439,jackhammer
6444,air_conditioner
6447,siren
6458,children_playing
6465,engine_idling
6470,siren
6471,street_music
6472,gun_shot
6476,drilling
6479,siren
6481,engine_idling
6482,dog_bark
6485,air_conditioner
6488,drilling
6489,engine_idling
6491,dog_bark
6492,street_music
6494,drilling
6495,jackhammer
6499,car_horn
6501,street_music
6503,air_conditioner
6504,air_conditioner
6513,jackhammer
6514,siren
6519,jackhammer
6525,engine_idling
6526,jackhammer
6532,jackhammer
6533,street_music
6538,drilling
6539,dog_bark
6540,jackhammer
6541,dog_bark
6545,engine_idling
6554,jackhammer
6561,air_conditioner
6564,air_conditioner
6567,jackhammer
6569,jackhammer
6571,drilling
6576,drilling
6577,air_conditioner
6578,jackhammer
6581,engine_idling
6582,engine_idling
6584,jackhammer
6585,air_conditioner
6586,jackhammer
6587,children_playing
6588,drilling
6590,air_conditioner
6591,children_playing
6593,dog_bark
6594,dog_bark
6597,jackhammer
6598,jackhammer
6601,air_conditioner
6605,dog_bark
6611,street_music
6612,air_conditioner
6613,drilling
6615,jackhammer
6617,drilling
6622,street_music
6624,street_music
6625,street_music
6627,jackhammer
6632,dog_bark
6636,air_conditioner
6639,jackhammer
6645,air_conditioner
6646,siren
6650,dog_bark
6657,drilling
6658,jackhammer
6663,air_conditioner
6666,jackhammer
6669,jackhammer
6670,engine_idling
6672,dog_bark
6673,engine_idling
6675,car_horn
6678,drilling
6680,dog_bark
6682,dog_bark
6684,jackhammer
6685,dog_bark
6686,siren
6687,air_conditioner
6688,jackhammer
6690,air_conditioner
6695,engine_idling
6697,jackhammer
6699,street_music
6700,dog_bark
6701,jackhammer
6702,jackhammer
6704,dog_bark
6705,air_conditioner
6706,jackhammer
6707,air_conditioner
6709,gun_shot
6711,dog_bark
6713,engine_idling
6718,drilling
6720,siren
6727,drilling
6733,air_conditioner
6743,street_music
6744,air_conditioner
6745,jackhammer
6751,jackhammer
6756,street_music
6758,air_conditioner
6761,air_conditioner
6762,drilling
6766,street_music
6776,jackhammer
6780,jackhammer
6784,street_music
6785,jackhammer
6787,street_music
6788,children_playing
6789,siren
6794,air_conditioner
6795,dog_bark
6796,air_conditioner
6798,jackhammer
6799,drilling
6801,air_conditioner
6803,air_conditioner
6805,jackhammer
6806,jackhammer
6807,siren
6808,jackhammer
6809,jackhammer
6814,siren
6825,air_conditioner
6827,air_conditioner
6828,air_conditioner
6833,dog_bark
6834,dog_bark
6838,siren
6842,jackhammer
6843,dog_bark
6845,air_conditioner
6848,dog_bark
6849,jackhammer
6854,siren
6858,gun_shot
6859,jackhammer
6861,engine_idling
6862,children_playing
6863,air_conditioner
6867,engine_idling
6868,children_playing
6870,gun_shot
6873,siren
6874,dog_bark
6876,gun_shot
6884,drilling
6885,dog_bark
6887,dog_bark
6890,jackhammer
6894,street_music
6897,dog_bark
6899,children_playing
6904,drilling
6905,air_conditioner
6913,jackhammer
6916,gun_shot
6917,air_conditioner
6919,jackhammer
6921,jackhammer
6924,siren
6927,jackhammer
6930,dog_bark
6936,air_conditioner
6940,jackhammer
6941,drilling
6944,siren
6950,dog_bark
6951,drilling
6952,children_playing
6953,street_music
6957,dog_bark
6959,drilling
6960,dog_bark
6962,siren
6964,jackhammer
6968,gun_shot
6972,air_conditioner
6978,drilling
6980,children_playing
6983,air_conditioner
6987,drilling
6988,drilling
6989,children_playing
6994,dog_bark
6995,children_playing
6996,engine_idling
6997,dog_bark
7011,street_music
7021,jackhammer
7023,jackhammer
7024,dog_bark
7033,engine_idling
7034,jackhammer
7037,dog_bark
7038,air_conditioner
7043,street_music
7044,jackhammer
7045,siren
7047,siren
7050,jackhammer
7056,air_conditioner
7058,street_music
7071,children_playing
7080,jackhammer
7089,jackhammer
7090,drilling
7092,jackhammer
7093,siren
7097,engine_idling
7098,air_conditioner
7099,siren
7101,dog_bark
7102,engine_idling
7103,dog_bark
7104,air_conditioner
7106,drilling
7117,dog_bark
7119,dog_bark
7120,street_music
7122,jackhammer
7123,air_conditioner
7125,air_conditioner
7127,air_conditioner
7128,dog_bark
7130,engine_idling
7132,jackhammer
7134,jackhammer
7135,car_horn
7139,siren
7146,jackhammer
7147,engine_idling
7152,air_conditioner
7158,children_playing
7160,siren
7164,engine_idling
7165,engine_idling
7166,air_conditioner
7167,drilling
7168,children_playing
7173,air_conditioner
7181,siren
7182,jackhammer
7183,street_music
7184,siren
7186,dog_bark
7188,jackhammer
7189,jackhammer
7192,engine_idling
7193,drilling
7199,jackhammer
7208,dog_bark
7209,drilling
7210,street_music
7214,air_conditioner
7219,jackhammer
7220,jackhammer
7225,siren
7229,air_conditioner
7230,dog_bark
7234,dog_bark
7236,dog_bark
7237,air_conditioner
7238,engine_idling
7239,children_playing
7243,street_music
7246,air_conditioner
7248,jackhammer
7254,dog_bark
7255,children_playing
7261,jackhammer
7266,siren
7267,engine_idling
7268,jackhammer
7270,engine_idling
7271,gun_shot
7273,engine_idling
7276,air_conditioner
7281,jackhammer
7282,jackhammer
7283,drilling
7286,air_conditioner
7288,air_conditioner
7289,air_conditioner
7290,engine_idling
7291,jackhammer
7293,dog_bark
7295,jackhammer
7296,drilling
7299,dog_bark
7300,air_conditioner
7301,jackhammer
7303,children_playing
7304,air_conditioner
7306,children_playing
7308,engine_idling
7310,jackhammer
7312,dog_bark
7314,air_conditioner
7317,drilling
7318,jackhammer
7324,jackhammer
7325,children_playing
7327,jackhammer
7334,air_conditioner
7335,jackhammer
7339,jackhammer
7341,engine_idling
7342,dog_bark
7348,street_music
7350,gun_shot
7351,dog_bark
7353,air_conditioner
7355,gun_shot
7356,air_conditioner
7357,drilling
7363,jackhammer
7365,dog_bark
7368,jackhammer
7371,jackhammer
7373,jackhammer
7390,dog_bark
7391,gun_shot
7393,air_conditioner
7394,air_conditioner
7395,engine_idling
7396,siren
7397,jackhammer
7402,jackhammer
7406,engine_idling
7407,air_conditioner
7411,drilling
7413,siren
7415,air_conditioner
7416,drilling
7420,drilling
7421,street_music
7422,children_playing
7427,dog_bark
7428,children_playing
7433,jackhammer
7434,jackhammer
7435,siren
7438,siren
7440,drilling
7441,dog_bark
7442,siren
7444,drilling
7445,dog_bark
7453,engine_idling
7454,engine_idling
7461,air_conditioner
7464,engine_idling
7466,siren
7470,jackhammer
7473,dog_bark
7474,children_playing
7477,engine_idling
7480,jackhammer
7481,jackhammer
7484,children_playing
7485,engine_idling
7486,air_conditioner
7487,street_music
7489,air_conditioner
7491,drilling
7492,engine_idling
7496,drilling
7498,air_conditioner
7502,siren
7511,street_music
7512,drilling
7514,air_conditioner
7515,jackhammer
7517,jackhammer
7526,street_music
7527,jackhammer
7533,children_playing
7534,engine_idling
7535,jackhammer
7536,engine_idling
7537,siren
7540,jackhammer
7544,air_conditioner
7545,air_conditioner
7546,dog_bark
7549,drilling
7551,jackhammer
7554,air_conditioner
7555,air_conditioner
7557,dog_bark
7559,drilling
7562,siren
7564,air_conditioner
7571,dog_bark
7572,street_music
7575,jackhammer
7583,jackhammer
7587,engine_idling
7588,siren
7590,jackhammer
7591,dog_bark
7594,air_conditioner
7603,jackhammer
7605,jackhammer
7606,dog_bark
7608,engine_idling
7615,jackhammer
7616,siren
7621,drilling
7624,jackhammer
7627,air_conditioner
7628,street_music
7630,jackhammer
7632,jackhammer
7635,engine_idling
7637,air_conditioner
7640,engine_idling
7643,street_music
7647,drilling
7649,drilling
7652,air_conditioner
7654,dog_bark
7658,engine_idling
7659,dog_bark
7660,jackhammer
7661,air_conditioner
7662,jackhammer
7663,dog_bark
7666,dog_bark
7667,air_conditioner
7668,jackhammer
7670,dog_bark
7676,air_conditioner
7678,dog_bark
7684,dog_bark
7691,jackhammer
7692,car_horn
7693,jackhammer
7695,drilling
7698,dog_bark
7701,dog_bark
7703,jackhammer
7704,drilling
7708,jackhammer
7709,gun_shot
7714,jackhammer
7716,dog_bark
7717,drilling
7719,jackhammer
7722,children_playing
7728,air_conditioner
7731,siren
7732,dog_bark
7737,air_conditioner
7741,drilling
7746,jackhammer
7749,jackhammer
7752,dog_bark
7753,air_conditioner
7755,jackhammer
7757,engine_idling
7758,air_conditioner
7760,dog_bark
7763,engine_idling
7764,drilling
7767,jackhammer
7771,engine_idling
7772,siren
7773,dog_bark
7774,jackhammer
7778,dog_bark
7781,jackhammer
7782,engine_idling
7786,jackhammer
7789,dog_bark
7790,engine_idling
7793,air_conditioner
7794,air_conditioner
7797,engine_idling
7798,dog_bark
7799,dog_bark
7801,jackhammer
7803,engine_idling
7805,air_conditioner
7808,drilling
7809,air_conditioner
7811,drilling
7812,dog_bark
7815,jackhammer
7816,street_music
7820,jackhammer
7823,children_playing
7832,air_conditioner
7834,drilling
7840,dog_bark
7841,air_conditioner
7847,engine_idling
7848,air_conditioner
7849,street_music
7851,jackhammer
7852,engine_idling
7857,air_conditioner
7859,jackhammer
7863,air_conditioner
7864,siren
7866,jackhammer
7877,siren
7878,air_conditioner
7884,dog_bark
7885,jackhammer
7886,drilling
7887,jackhammer
7888,engine_idling
7889,engine_idling
7894,siren
7895,air_conditioner
7902,street_music
7903,jackhammer
7905,air_conditioner
7906,siren
7907,jackhammer
7912,dog_bark
7913,dog_bark
7915,children_playing
7921,siren
7923,drilling
7924,air_conditioner
7925,siren
7926,children_playing
7934,street_music
7937,jackhammer
7940,children_playing
7945,air_conditioner
7947,jackhammer
7948,dog_bark
7950,drilling
7953,dog_bark
7957,jackhammer
7958,street_music
7960,siren
7962,drilling
7967,air_conditioner
7968,dog_bark
7971,drilling
7972,air_conditioner
7973,drilling
7974,street_music
7983,jackhammer
7984,jackhammer
7986,drilling
7987,children_playing
7991,drilling
8001,engine_idling
8003,jackhammer
8005,jackhammer
8006,jackhammer
8007,air_conditioner
8010,drilling
8011,air_conditioner
8015,siren
8017,engine_idling
8018,engine_idling
8019,street_music
8023,children_playing
8026,siren
8030,engine_idling
8031,drilling
8038,dog_bark
8039,jackhammer
8040,air_conditioner
8041,street_music
8044,siren
8045,jackhammer
8051,drilling
8054,jackhammer
8056,dog_bark
8059,engine_idling
8063,drilling
8065,drilling
8066,air_conditioner
8070,street_music
8082,street_music
8083,gun_shot
8087,air_conditioner
8089,air_conditioner
8091,air_conditioner
8094,dog_bark
8096,engine_idling
8098,jackhammer
8102,drilling
8107,dog_bark
8109,siren
8112,air_conditioner
8113,air_conditioner
8115,jackhammer
8116,drilling
8117,engine_idling
8120,children_playing
8121,air_conditioner
8123,jackhammer
8124,air_conditioner
8126,air_conditioner
8129,drilling
8132,engine_idling
8134,air_conditioner
8136,air_conditioner
8138,gun_shot
8139,engine_idling
8141,dog_bark
8147,drilling
8149,engine_idling
8153,air_conditioner
8157,air_conditioner
8158,engine_idling
8159,jackhammer
8160,engine_idling
8162,dog_bark
8163,siren
8164,street_music
8165,dog_bark
8169,engine_idling
8170,jackhammer
8175,street_music
8178,siren
8179,street_music
8186,drilling
8196,air_conditioner
8197,engine_idling
8198,street_music
8203,jackhammer
8204,street_music
8206,jackhammer
8207,dog_bark
8209,engine_idling
8212,engine_idling
8214,air_conditioner
8218,dog_bark
8222,jackhammer
8223,jackhammer
8224,dog_bark
8225,jackhammer
8226,jackhammer
8230,jackhammer
8235,air_conditioner
8237,jackhammer
8240,air_conditioner
8242,drilling
8245,engine_idling
8248,drilling
8250,street_music
8254,dog_bark
8255,children_playing
8256,engine_idling
8267,jackhammer
8269,jackhammer
8273,jackhammer
8275,jackhammer
8276,dog_bark
8278,air_conditioner
8281,drilling
8284,jackhammer
8286,air_conditioner
8288,dog_bark
8290,dog_bark
8291,drilling
8292,jackhammer
8295,drilling
8298,air_conditioner
8301,jackhammer
8303,jackhammer
8304,children_playing
8309,air_conditioner
8312,drilling
8316,jackhammer
8319,dog_bark
8320,street_music
8321,street_music
8326,air_conditioner
8328,air_conditioner
8329,dog_bark
8331,air_conditioner
8336,drilling
8339,drilling
8340,engine_idling
8341,car_horn
8342,siren
8343,engine_idling
8348,dog_bark
8349,drilling
8350,dog_bark
8355,air_conditioner
8358,air_conditioner
8359,air_conditioner
8362,jackhammer
8363,gun_shot
8367,air_conditioner
8371,jackhammer
8372,jackhammer
8373,air_conditioner
8374,drilling
8375,engine_idling
8376,engine_idling
8379,air_conditioner
8383,dog_bark
8385,jackhammer
8388,dog_bark
8389,drilling
8390,dog_bark
8394,dog_bark
8398,air_conditioner
8400,jackhammer
8402,air_conditioner
8404,engine_idling
8405,jackhammer
8408,jackhammer
8413,street_music
8414,air_conditioner
8415,dog_bark
8418,drilling
8423,jackhammer
8426,dog_bark
8433,dog_bark
8436,air_conditioner
8439,jackhammer
8451,jackhammer
8452,dog_bark
8454,air_conditioner
8455,air_conditioner
8456,jackhammer
8461,air_conditioner
8463,dog_bark
8468,drilling
8478,dog_bark
8480,air_conditioner
8481,children_playing
8487,siren
8488,siren
8489,air_conditioner
8490,jackhammer
8494,dog_bark
8495,dog_bark
8497,jackhammer
8504,dog_bark
8505,jackhammer
8506,air_conditioner
8509,drilling
8516,drilling
8517,jackhammer
8521,children_playing
8525,engine_idling
8528,dog_bark
8529,drilling
8530,siren
8532,street_music
8533,jackhammer
8537,jackhammer
8541,drilling
8545,engine_idling
8548,siren
8549,gun_shot
8550,engine_idling
8551,engine_idling
8554,air_conditioner
8555,jackhammer
8556,engine_idling
8557,jackhammer
8559,jackhammer
8561,street_music
8563,drilling
8566,engine_idling
8567,engine_idling
8572,siren
8573,jackhammer
8574,air_conditioner
8576,children_playing
8577,engine_idling
8583,engine_idling
8585,jackhammer
8591,jackhammer
8592,dog_bark
8593,dog_bark
8600,engine_idling
8601,siren
8602,children_playing
8606,children_playing
8608,drilling
8619,dog_bark
8622,children_playing
8623,air_conditioner
8629,jackhammer
8631,gun_shot
8633,jackhammer
8634,air_conditioner
8638,siren
8642,jackhammer
8645,air_conditioner
8647,jackhammer
8648,jackhammer
8652,dog_bark
8655,engine_idling
8661,jackhammer
8662,dog_bark
8668,street_music
8669,siren
8671,engine_idling
8672,jackhammer
8674,dog_bark
8680,air_conditioner
8683,air_conditioner
8686,dog_bark
8687,air_conditioner
8688,engine_idling
8689,children_playing
8692,jackhammer
8696,air_conditioner
8697,air_conditioner
8698,air_conditioner
8700,air_conditioner
8702,drilling
8708,siren
8718,drilling
8719,jackhammer
8730,siren
